real_name,k_ppt1,k_ppt2,k_ppt3,k_ppt4,k_ppt5,k_ppt6,k_ppt7,k_ppt8,k_ppt9,k_ppt10,k_ppt11,k_ppt12,k_ppt13,k_ppt14,k_ppt15,k_ppt16,k_ppt17,k_ppt18,k_ppt19,k_ppt20,k_ppt21,k_ppt22,k_ppt23,k_ppt24,k_ppt25,k_ppt26,k_ppt27,k_ppt28,k_ppt29,k_ppt30,k_ppt31,k_ppt32,k_ppt33,k_ppt34,k_ppt35,k_ppt36,k_ppt37,k_ppt38,k_ppt39,k_ppt40,k_ppt41,k_ppt42,k_ppt43,k_ppt44,k_ppt45,k_ppt46,k_ppt47,k_ppt48,k_ppt49,k_ppt50,k_ppt51,k_ppt52,k_ppt53,k_ppt54,k_ppt55,k_ppt56,k_ppt57,k_ppt58,k_ppt59,k_ppt60,k_ppt61,k_ppt62,k_ppt63,k_ppt64,k_ppt65,k_ppt66,k_ppt67,k_ppt68,k_ppt69,k_ppt70,k_ppt71,k_ppt72,k_ppt73,k_ppt74,k_ppt75,k_ppt76,k_ppt77,k_ppt78,k_ppt79,k_ppt80,k_ppt81,k_ppt82,k_ppt83,k_ppt84,k_ppt85,k_ppt86,k_ppt87,k_ppt88,k_ppt89,k_ppt90,k_ppt91,k_ppt92,k_ppt93,k_ppt94,k_ppt95,k_ppt96,k_ppt97,k_ppt98,k_ppt99,k_ppt100,k_ppt101,k_ppt102,k_ppt103,k_ppt104
0,0.164792,0.692502,0.714568,1.55061,2.96938,0.472524,1.44151,2.2714,0.0979456,0.183469,1.28085,2.50664,1.80581,1.83718,3.80072,1.297,0.410468,0.143671,0.781939,1.12051,4.41196,2.13639,5.14078,1.53181,0.47114,0.350672,0.397303,0.438068,1.00543,4.60209,1.60064,2.48384,0.295279,0.256489,0.23611,0.90142,0.699376,1.97319,2.0461,1.3723,0.484959,0.235364,0.608568,3.31204,3.64072,3.01095,0.912046,1.35947,0.155437,0.259833,0.82962,1.42302,2.44575,1.86679,1.95348,1.51126,0.502807,0.4336,1.96951,2.53459,6.87644,2.88635,2.75781,2.44597,0.848267,1.03549,1.93732,4.62344,4.80139,2.65232,1.79983,4.34324,0.76234,1.07022,0.92921,2.36286,1.50383,2.9282,1.03894,0.994954,1.92538,0.455481,1.02493,0.861953,0.5055,0.735812,1.87459,1.06809,1.05624,0.480908,1.06908,0.639123,0.258137,0.640278,0.689104,4.24068,0.534971,0.556884,0.16401,0.31054,0.297747,0.675528,1.00122,1.1984
1,0.163548,0.223224,3.0724,1.80219,1.0054,0.446163,1.26819,1.14216,0.295985,0.61159,1.37445,0.661252,0.722046,0.548677,0.834984,1.53105,0.415866,0.167049,0.255724,0.420151,0.588449,1.75536,1.17166,1.36073,1.07904,0.640245,0.460135,0.795416,0.467389,0.839321,0.860018,1.35019,0.982675,0.668978,0.63556,0.581067,0.841891,0.800285,1.2267,7.88289,1.40883,1.26088,1.26318,0.7426,2.02258,1.12974,1.35588,8.51244,0.422955,1.2395,0.905636,1.1766,3.19549,1.92815,2.70357,2.83418,0.768297,0.334134,0.727013,0.331664,1.28401,2.06915,3.92539,1.61308,0.715953,2.51307,1.29693,0.574441,1.95734,2.44314,4.95181,3.84791,0.57471,1.54402,0.745871,0.625121,1.18279,3.36349,3.84198,1.41679,0.83379,1.13794,0.375457,0.479925,0.541941,0.650709,3.37693,1.07836,0.714028,1.19757,0.941552,0.567792,0.735626,3.03406,0.547146,1.30427,1.23317,0.391056,0.26448,0.299378,0.257424,0.660574,0.644399,1.03777
2,2.54019,2.97131,7.5778,2.08978,2.16213,0.384278,0.534367,0.413421,1.34922,1.12321,3.55429,6.08704,1.18503,0.496815,0.842302,0.686864,0.787122,0.691588,1.50617,1.95328,4.68333,0.812688,0.722814,0.881497,0.76323,1.10817,2.73912,1.11927,1.45972,0.773598,0.459822,0.737279,0.47472,0.837532,0.865274,1.05456,0.722582,1.63639,1.76723,1.40562,0.653763,0.897713,1.30836,1.50172,2.79105,1.61837,0.870484,1.94016,0.75624,1.31155,0.926426,1.31529,1.70874,1.28642,1.20468,1.40738,1.00974,0.596103,1.14812,1.36424,2.47732,2.37121,2.51212,1.50173,1.1647,0.730219,1.03652,3.57444,3.00659,2.64909,3.98687,4.65481,3.14411,0.872715,0.879818,1.67311,2.07605,2.62234,2.28704,1.77709,5.58263,0.901659,0.555736,0.825649,0.97735,0.93765,0.61143,0.726176,1.64549,0.397908,0.457804,0.443877,0.344974,1.03318,0.888973,2.01138,0.567389,0.824567,0.635553,0.421589,0.161223,0.780537,0.792077,0.507592
3,0.547902,2.09641,1.39254,1.24247,1.09923,0.297212,0.375105,0.636565,1.1069,1.58519,1.61515,1.63725,1.1405,0.694655,0.838362,0.6027,2.61768,0.917993,1.11939,0.709275,0.805047,0.928912,1.14434,0.7929,1.60886,1.98081,1.20001,1.05809,0.499534,0.950569,0.655673,0.809774,0.921483,0.611905,1.02451,1.58277,1.3236,1.92788,1.08219,2.21938,1.42109,0.716601,1.29452,2.1995,2.97007,2.52759,0.88881,1.33781,0.600902,0.506456,1.48965,3.04839,3.66677,1.69748,1.06889,1.10549,0.837791,0.833122,2.19497,2.65786,3.01728,1.26984,0.82317,1.05749,1.23125,1.46766,1.93333,2.7446,2.40832,2.54372,1.48057,2.0717,1.38029,2.16634,1.19004,1.3214,1.01597,2.01065,1.84084,1.47756,1.57715,1.24321,1.31082,1.06423,0.657218,1.1057,1.85994,0.457205,1.16762,0.900257,1.22388,0.851811,0.479379,1.17371,0.650381,1.31613,0.831975,0.50596,0.517309,0.52624,0.246725,0.373887,0.436234,0.756527
4,0.0566627,0.797257,5.87485,1.65275,3.56707,0.386702,2.10857,3.90873,0.104052,0.378472,2.99627,2.06937,1.03597,0.719852,6.43336,2.95725,0.334678,0.231037,1.12041,0.433979,1.37045,1.72697,4.09982,1.95376,0.376306,0.431493,0.444102,0.574295,0.910767,1.94464,1.17883,1.80467,0.236236,0.545019,0.776237,0.505572,1.05147,0.952941,1.68002,3.42957,0.392475,0.315266,0.234852,2.07065,8.78681,4.789,1.10483,0.817403,0.424499,0.476005,0.332723,3.68379,9.84615,1.50141,1.98244,2.27381,0.32634,0.256231,2.11301,2.42313,2.07228,2.94434,2.04782,1.99423,0.49884,0.553969,1.93212,6.73419,3.16467,2.55026,2.06152,1.71111,0.729953,0.918716,2.39628,1.63099,1.81494,2.8785,2.33058,1.81556,1.81653,1.16717,0.402027,0.235445,0.679766,1.84,5.46483,1.40399,1.5092,0.426375,0.619552,0.431943,0.288806,1.05765,0.524398,1.56717,0.796028,0.483675,0.227654,0.29733,0.271837,0.389913,0.57113,1.45812
5,2.16043,6.43513,2.8085,4.38577,7.38289,0.786128,0.403013,0.43669,1.41867,2.62372,4.04526,6.32068,2.61317,0.624169,0.810299,0.615199,1.64892,0.67199,1.234,2.0399,4.02946,0.491236,2.07484,0.787856,1.57277,0.973681,0.810042,1.00414,1.2944,1.71401,0.571243,0.732005,0.918808,0.699971,0.914511,1.12,0.864096,2.36872,0.848065,1.00426,0.721088,0.626081,1.82687,2.24832,2.71583,1.90115,0.505685,0.774059,0.567283,1.20564,2.34508,2.25235,2.57439,1.06531,0.673713,0.690581,1.27965,1.28745,1.18271,1.79569,5.58847,1.07757,1.32252,0.769008,1.02707,1.10966,1.5246,1.97154,4.66593,8.96216,2.8643,1.95048,1.24371,0.787082,0.305878,0.861821,1.36555,3.33316,3.2816,1.29455,3.73784,0.543313,1.81685,1.09374,0.306524,0.538632,1.57259,0.797872,2.64241,0.86257,1.26368,0.928115,0.155024,0.45405,0.808957,1.91489,0.788985,0.904882,0.590861,0.413515,0.20657,0.395499,1.02601,0.549384
6,0.382974,1.53307,0.718909,1.39036,3.09722,0.686625,1.38684,2.26896,0.597431,1.07591,1.47071,3.57082,1.61701,1.1104,1.66605,1.97005,1.81757,0.872597,1.29928,1.1668,2.38583,0.820556,1.66203,1.39647,1.29328,1.43302,0.858227,0.768153,0.872464,1.40146,0.62398,0.885285,0.599257,0.760594,0.829923,1.78569,0.837771,2.15482,1.18577,1.81026,0.599803,0.433221,0.489849,1.81982,3.93924,2.94366,0.63895,0.863433,0.357375,0.377399,1.00075,2.06608,2.89979,1.89283,1.06988,0.831947,1.08402,0.292704,1.57424,2.46798,6.99585,1.69182,2.23572,1.01118,1.54963,0.603314,1.30829,6.58418,4.78449,4.53125,1.78828,1.84509,1.42979,0.663964,1.21139,3.01416,2.2031,3.53118,1.10369,1.08284,2.25254,0.25603,1.08353,1.19766,0.437521,1.18626,1.82709,0.704191,1.63884,0.409099,0.458596,0.547714,0.313954,0.65756,0.782764,1.53729,0.980088,0.501203,0.315527,0.620112,0.289499,0.532835,0.579749,1.22012
7,0.822776,1.14107,0.729827,0.904126,1.98067,1.47814,1.77211,2.46446,0.389734,0.638538,0.739103,1.19462,1.49191,0.901911,1.2493,2.09643,0.241721,0.754048,0.746219,0.961729,2.20637,1.15156,1.48612,1.27117,0.575368,0.854632,0.552585,0.364523,0.965991,2.38453,0.51917,0.731066,0.882878,0.234241,0.349963,0.620208,1.33227,1.81916,2.96364,0.730202,0.434631,0.376062,1.17782,2.78578,4.06036,3.65992,1.1907,2.2047,0.714828,1.1006,2.51151,2.08662,3.2214,1.84299,0.912046,1.65449,0.49657,0.963463,0.595724,2.57982,3.05368,1.5683,2.9535,3.36789,0.638703,1.16465,1.47779,1.2198,3.06378,1.5562,2.05398,3.35286,0.83844,0.52574,0.94659,2.16025,0.897044,1.30591,2.1811,1.75808,1.40531,0.864078,1.98167,0.928191,0.656507,0.643986,1.55527,0.815186,1.14803,0.457241,0.996228,0.653074,0.335953,0.944239,1.23554,1.91353,0.632189,0.350225,0.59458,0.744647,0.191899,0.509532,1.20418,0.873847
8,0.16912,0.567471,1.45697,0.886102,4.33284,0.283989,0.637343,1.76475,0.293274,0.605744,0.891891,2.81627,2.8815,1.73381,0.908775,1.9559,0.928412,0.508936,0.630816,0.767618,2.83357,2.05491,1.82279,0.866677,0.649453,0.625411,1.30018,1.08346,0.916634,1.41061,1.34175,1.22075,0.28619,0.702723,2.11882,1.68075,0.882228,1.96613,0.905874,3.2564,0.441566,0.993207,0.430043,2.63267,4.31006,3.97974,0.414087,0.431218,0.455622,0.596097,0.72755,3.59545,7.5705,1.35713,0.64617,0.557396,0.376901,0.152017,1.20615,2.54421,4.53791,2.13952,0.964779,2.07368,0.364085,0.369553,1.72828,11.8604,14.0002,3.81833,2.16843,1.59873,0.429709,0.530666,2.56496,5.53239,2.02925,4.87046,3.4693,1.56857,1.04097,0.578822,1.60675,0.722077,0.501864,1.82338,3.47202,1.31513,3.27306,0.749167,1.11428,0.365833,0.17764,0.852217,0.390768,1.04282,0.524556,0.935593,0.56862,0.768796,0.186118,0.197858,0.261432,1.16654
9,0.26751,2.03445,2.1996,0.805955,0.669573,0.135302,0.412739,0.698832,0.284641,0.779758,1.40294,2.00634,0.697365,0.397422,0.396273,0.746875,4.11651,0.751861,1.56922,0.930094,0.723646,0.614069,0.676448,0.470324,1.45472,0.707929,0.767816,0.689175,0.432853,0.930181,1.26902,0.7108,0.972876,0.292029,1.95102,4.25359,0.985492,1.03405,0.927359,0.700728,0.864375,0.71447,0.957147,4.7319,6.67669,2.18136,0.614955,0.618174,0.227114,0.463237,0.744974,5.93261,5.08484,1.12774,1.53231,0.774178,0.36961,0.616566,4.20665,5.88831,4.20977,1.23471,0.892461,0.947515,0.590057,0.969533,1.7695,3.42214,6.97522,3.99301,1.69495,0.884298,0.831403,2.256,2.75512,0.666609,1.69148,2.22133,0.533989,0.499614,0.968967,1.13753,3.68245,1.0495,0.58537,1.45395,1.77601,0.51979,2.32521,1.15045,0.66681,0.35519,0.375262,1.48845,0.590918,2.21035,1.10607,0.773985,0.208526,0.501108,0.294509,0.414955,0.542515,1.03023
10,0.530635,0.623867,0.886021,1.25947,0.960188,0.804875,0.895607,1.08449,0.165281,0.11567,0.60498,0.348731,0.885074,0.657699,1.28202,0.765017,0.384036,0.289848,0.699935,1.3639,1.49992,0.710508,2.00248,1.28469,0.259009,0.257722,0.651789,1.03755,0.988704,1.94931,1.56425,0.76863,0.431922,0.96532,0.657077,0.833553,0.976718,3.30291,4.539,0.604273,0.923652,1.58623,3.34537,1.80042,1.97727,2.40589,1.85024,3.25364,0.548219,3.37986,3.07828,1.62877,1.16024,1.372,2.27852,0.883159,0.432955,0.870973,1.68394,1.73676,4.72731,2.44628,2.28027,2.15132,0.523535,0.665615,0.941762,2.57307,4.19469,3.63197,3.28243,6.32031,0.65015,0.530178,0.378206,0.646957,1.16332,1.28145,1.2946,1.83429,2.80613,0.426168,0.787234,0.875733,0.961522,0.504535,1.2841,1.44282,2.19977,0.809422,0.580515,0.511754,0.433928,0.846747,0.998872,2.58768,0.587934,0.274883,0.440894,0.576642,0.326763,0.865215,0.826028,0.735493
11,0.471238,2.58785,6.92801,5.58912,8.38019,0.36287,0.945318,2.35672,0.21588,0.814072,5.92519,7.81484,2.05656,0.688524,0.614132,2.4185,0.469626,0.253182,2.41482,1.96975,4.85475,2.68241,1.29037,1.23426,0.143605,0.153536,0.509192,0.617821,1.59093,2.38208,1.57308,1.54524,0.221178,0.154407,0.52092,1.38637,1.41973,1.38394,1.46479,1.56449,0.295571,0.421575,0.686925,11.5017,9.03652,5.83905,1.25664,0.696353,0.0605301,0.397578,1.00223,3.76572,5.41668,1.6568,2.02218,2.0025,0.128765,0.326305,1.51404,2.34329,5.96869,2.91996,2.77256,2.99745,0.324113,0.276574,2.2435,4.76616,5.02165,2.01292,1.35862,1.07785,0.24145,0.639109,2.99035,1.76785,1.42337,1.28471,0.983269,0.570677,1.66289,0.647838,1.16209,1.65901,0.574921,1.47355,1.84516,1.11019,3.32464,0.427123,0.410217,0.308142,0.285531,0.834038,1.5672,4.34389,0.979865,0.416991,0.0786088,0.217508,0.479406,0.772888,0.995653,0.661397
12,0.316732,0.54326,1.39504,2.22175,2.55534,0.573837,0.547898,1.43413,0.219165,0.690593,1.4254,2.60791,2.30813,1.02854,1.08532,1.91234,1.26878,0.550033,1.09233,1.69586,3.28438,2.00149,1.67409,1.14493,0.45127,0.23593,0.5199,1.00575,0.863563,3.3219,0.968909,1.08808,0.33208,0.396865,0.568394,1.60641,0.724659,2.0218,1.5701,0.731338,0.447616,0.653339,2.20686,4.98162,2.80712,3.12492,1.45855,1.16909,0.314149,0.555802,1.44563,2.8502,1.61606,1.43668,1.03997,1.03958,0.429265,0.789251,1.6722,2.87873,5.43002,2.42194,1.45402,1.58548,0.581914,0.737354,2.29139,4.76326,9.45231,4.37464,1.53614,1.64147,0.480948,1.3368,1.15546,1.53391,1.86412,2.86729,0.790454,1.46073,1.18958,0.602708,1.90106,1.48032,0.551074,1.12976,0.806997,1.07333,3.33067,1.06238,1.45233,0.514254,0.295466,0.733273,0.541559,1.70873,0.857654,0.768987,0.625758,0.367935,0.194839,0.241464,0.461397,0.956714
13,0.968964,2.00919,7.84807,2.679,3.10041,0.410316,1.22464,1.33986,0.750907,1.36863,3.39022,3.4261,1.62647,0.78427,2.14734,2.7177,1.5158,0.444711,0.793753,1.09994,1.72807,1.13559,2.58578,2.15164,0.911956,0.761793,0.81834,0.975144,0.545237,1.12328,1.71461,2.35614,0.492161,0.40205,0.635089,0.535118,0.350288,1.15777,1.50459,3.3989,0.787829,0.950181,1.46175,0.845677,2.3182,2.52265,1.93269,2.89402,0.324825,0.617692,0.960941,1.66937,2.22571,1.7595,1.97093,2.36655,0.511925,0.424769,1.51519,0.800031,2.07656,3.36093,3.47709,3.27147,0.529518,0.982491,0.959031,0.956232,6.69931,4.35385,5.60014,3.19421,0.58814,0.819976,0.933817,0.996486,2.40118,4.21462,3.00988,1.04916,1.08124,0.524778,0.654786,1.12513,0.568186,0.937817,1.96883,1.02075,1.90329,0.858991,0.842737,0.482118,0.274758,1.21842,0.539844,1.66183,0.933654,0.605593,0.306955,0.281769,0.166425,0.596903,0.780668,0.921691
14,0.656527,0.943936,1.43882,1.19428,2.53424,0.624332,1.03311,1.23155,0.595943,0.462324,1.61661,2.06147,1.25926,0.943665,1.26429,1.20345,1.31435,0.558665,0.755566,1.06692,1.9033,0.962315,1.86936,0.632323,0.523655,0.359896,0.740164,1.26052,1.35674,1.23667,0.856281,0.936521,0.594763,0.549395,1.26916,1.68738,1.032,2.32607,1.27516,1.54411,0.558268,0.383742,0.68294,3.37335,4.34318,3.16856,0.547812,0.552855,0.195347,0.546196,0.828395,2.77914,2.44803,1.46637,1.53445,0.772013,0.462082,0.458302,1.8847,2.17951,5.75879,3.63356,2.82949,1.58194,0.567612,0.584375,1.99971,5.8381,14.8507,4.13952,1.812,0.87681,1.09385,1.00493,1.50501,2.34272,3.72943,2.1603,1.40123,0.372729,1.46172,0.492035,1.60994,0.955823,1.1172,2.38831,2.02011,0.713566,1.24549,0.521892,0.655183,0.567842,0.549398,0.96761,0.588467,1.42452,0.491258,0.397248,0.227333,0.810085,0.731982,0.430221,0.448187,0.690489
15,0.287686,0.807418,1.9326,1.41308,1.20795,0.260583,0.981337,1.75353,0.224043,0.610685,1.05767,1.86625,0.857643,0.484628,0.788405,1.14423,0.805899,0.640642,1.22246,1.28569,1.28643,0.417916,0.642759,1.58051,0.641036,1.12974,1.68884,0.706639,0.358242,0.49518,0.606061,0.457059,0.21447,0.47017,1.78603,2.9983,1.02215,2.19686,2.7503,1.89992,0.529295,0.456664,0.977443,2.32873,5.20293,2.1707,2.32013,2.66491,0.568589,0.55482,0.90667,3.00666,3.07027,3.01832,3.09785,1.24434,0.864951,0.270401,1.26173,2.94107,3.95163,3.81868,1.74719,2.19836,1.12466,0.381604,0.724286,2.22316,3.72866,3.90826,1.37104,3.75243,1.85574,1.60367,3.25353,4.02383,1.70146,2.65421,1.02808,2.4339,1.26799,0.561941,1.30718,1.35918,0.858401,0.940434,1.67204,1.86317,0.964732,0.340239,0.475707,0.361503,0.276025,0.623368,0.635708,2.67004,0.805496,0.409156,0.255313,0.396718,0.157739,0.69313,0.404004,1.00698
16,0.680275,2.62325,3.49805,2.37495,8.84253,0.356832,0.517163,0.698986,0.80303,1.43509,4.1436,4.71939,3.01871,1.02751,0.372444,0.53582,3.54451,0.800105,1.00532,1.64304,2.78654,0.306219,0.904965,0.405679,1.53268,0.600359,0.760341,0.833087,0.716252,0.830266,0.500825,0.622365,0.483311,0.517408,1.99515,1.75332,1.13151,4.05321,1.3004,4.33619,0.832433,0.835482,0.612143,3.57225,3.63896,4.01657,0.914037,0.807825,0.363966,0.887745,0.637991,2.20946,6.85712,1.85624,1.44517,0.623153,0.845136,0.220329,1.01532,2.50085,12.1363,3.1755,1.11888,2.71356,0.948126,0.556301,2.14697,4.77041,14.9503,16.81,2.20609,1.60246,0.937247,1.49501,2.0729,4.09629,2.22198,3.06287,2.67091,0.632676,1.44718,0.515623,2.4386,1.38195,0.404207,0.585759,2.30037,1.14572,3.4097,0.750536,1.05378,0.563232,0.069517,0.416456,0.219243,2.57717,0.610875,0.777065,0.463822,0.599255,0.183939,0.182363,0.3641,0.975979
17,0.297045,0.290459,1.48208,1.58227,3.48877,0.915534,1.2689,1.33227,0.114279,0.405529,0.713393,1.10018,2.27221,0.724828,0.807763,1.3231,0.427006,0.33161,0.542294,1.03335,3.0183,1.07725,2.15542,1.08633,0.589808,0.368694,0.260104,0.318382,1.69103,1.70229,0.644574,0.444801,0.672975,0.469586,0.614635,1.62239,1.72539,3.09659,2.01289,1.44336,0.498874,0.325448,0.639333,2.53751,2.64647,1.93233,2.28318,5.70642,0.792178,0.974432,1.26842,1.80872,1.76795,3.22972,3.9827,1.21572,1.72944,0.482528,0.822743,1.29968,6.45455,7.38175,5.30077,2.70948,0.546897,0.874225,0.987596,1.3825,4.45576,3.67494,1.88327,3.29091,0.799466,3.01085,1.95173,2.89654,1.75664,2.94882,1.0204,1.57513,0.90011,0.719229,2.31172,0.345601,0.3634,0.498061,1.55594,1.89434,0.645377,0.577975,1.53847,0.6596,0.238996,0.378945,0.16905,1.95954,0.423528,0.366317,0.399805,0.582668,0.53427,0.296101,0.611838,1.38719
18,0.356888,0.955795,5.78531,3.35314,2.40567,0.339706,0.713373,1.83327,0.290101,0.562355,3.05405,3.24897,0.54174,0.287448,0.400083,1.81851,1.80143,0.616194,2.0285,1.89988,1.76944,0.45871,0.86228,1.87063,0.569786,0.429607,0.66763,1.07881,0.808602,1.11943,0.604379,0.638371,0.267328,0.877158,1.1152,1.13656,1.35209,4.34197,3.00062,2.37876,0.592004,1.73228,2.37977,3.75663,3.92287,4.87013,2.00274,1.45556,0.68356,1.33892,1.72855,3.05232,2.81918,2.16858,1.16467,0.600992,0.629694,0.435512,0.995776,2.88011,7.42016,3.0546,1.52576,1.2301,0.813326,0.538512,1.21257,6.90218,8.89235,3.74098,1.05414,0.723976,0.786514,1.05265,2.29477,3.59683,1.81604,1.17596,1.51884,0.664729,2.59014,0.803429,1.05154,1.47588,0.713461,0.813243,1.7908,0.949133,1.87024,0.842566,0.481558,0.40744,0.209259,0.412873,0.627685,1.57507,1.40023,0.540202,0.520063,0.63748,0.194044,0.421941,0.468673,0.86164
19,0.0871929,0.327778,1.27861,1.06061,2.92529,0.572406,2.39303,5.84991,0.119005,0.388582,1.37938,2.14661,1.49839,1.58031,1.91471,2.94865,0.746699,0.499357,0.701755,0.764974,2.77429,1.24058,1.60973,1.82419,0.807801,0.604873,0.545023,0.521295,0.425695,1.10898,0.852014,1.23363,0.409077,0.85011,0.863298,0.756829,0.827498,1.58185,2.51028,5.14928,0.46403,0.515907,0.668352,2.00851,3.87824,2.21482,1.12881,1.41515,0.546291,0.571043,0.537821,1.77693,4.5331,1.65097,2.01774,1.01199,0.90162,0.354458,0.935743,2.37046,5.12465,1.94699,2.21776,2.00522,1.26031,0.763708,0.769265,3.8304,5.04196,5.4965,2.1089,1.81254,2.20497,0.675493,1.14818,1.97424,2.89875,5.22987,2.10983,1.1274,1.54949,0.502165,0.901527,0.961036,0.757183,0.947935,2.61843,1.33887,0.996291,0.436632,0.709004,0.55326,0.187094,0.470541,0.327517,1.33404,0.582176,0.573891,0.556013,0.795002,0.180383,0.271362,0.5033,1.45247
20,1.55145,3.3923,3.11954,2.64797,1.52226,0.778205,1.30477,2.88719,0.603408,0.532076,1.68571,5.22602,2.08839,2.73259,3.63757,4.26778,3.29511,1.07889,1.50144,1.82512,5.39263,3.71958,3.20017,1.53272,1.18653,0.78126,0.714624,1.34328,1.55188,1.05629,1.35717,1.26961,0.563173,0.244062,0.288619,1.05602,1.42438,1.99423,1.51014,1.52807,0.539246,0.189255,0.917557,1.73689,3.15648,2.54863,0.755213,0.813392,0.580383,0.161233,0.845515,2.79152,4.33351,2.38164,0.866056,1.43187,0.594466,0.259287,1.37899,4.29523,5.759,3.05261,1.80034,1.29779,0.680509,0.519694,0.438525,4.90059,5.50745,2.85221,2.52437,2.21874,1.4524,1.47023,0.806189,0.752924,3.03891,5.49267,1.56009,1.10993,1.13959,0.747462,1.28313,0.7091,0.9017,1.83194,3.47547,1.20763,0.390471,0.380836,0.731005,0.495288,0.327114,0.965784,0.431138,1.92629,0.60838,0.371305,0.289235,0.832277,0.152324,0.659658,0.608843,1.30807
21,0.401754,1.31696,4.21427,5.29633,4.31634,0.540742,0.734425,0.6749,0.294291,1.25768,4.17099,6.70796,2.13977,0.518325,0.885325,1.14951,1.19617,0.375188,1.25067,2.56267,3.58456,1.1996,1.08807,0.716396,0.743032,0.227576,0.324307,0.764108,1.32276,1.6322,0.369756,0.751421,0.524595,0.24779,0.544507,1.43698,0.844236,1.67153,1.0961,1.24935,0.685415,0.398182,0.80603,3.32346,6.28497,3.67142,0.937618,1.21985,0.238612,0.625067,0.970217,2.25306,3.41416,2.9383,1.72163,1.37989,0.602007,0.433995,1.09515,1.94259,7.48336,4.8869,3.45144,1.97179,0.862126,0.819768,2.38865,3.27232,9.71784,7.13944,1.58826,2.87384,0.392481,1.21367,1.528,1.47249,1.20361,2.05195,1.25488,0.771294,1.76818,0.57859,1.74804,0.431763,0.254552,0.831614,1.37519,1.04387,2.67557,0.784916,0.881567,0.360475,0.221177,0.59332,0.507374,3.08376,1.14783,0.509081,0.21915,0.274767,0.283897,0.345839,0.635313,1.57948
22,0.190091,0.751701,0.722051,0.368779,0.578646,0.424272,0.561951,1.81168,0.214758,0.781697,0.584198,1.43464,0.9188,0.474223,0.461684,0.809562,0.211667,0.608955,0.645544,0.445256,2.50154,1.85074,1.31382,0.416446,0.503555,0.502711,0.637743,0.393975,1.39937,3.3561,0.903146,0.62396,0.585062,0.708175,1.63597,2.50125,1.57999,2.2047,1.63271,0.362517,0.164431,0.527718,2.48675,8.06116,5.1304,2.80534,0.470725,0.298161,0.242018,0.967886,2.382,6.17894,4.86489,1.18315,1.45896,0.721981,0.235357,1.01901,2.56367,4.27752,6.88265,1.22809,1.09336,0.238323,0.166962,0.720667,3.85001,11.5849,9.52052,2.40241,0.959661,0.564964,0.543367,0.66684,1.19581,3.33791,3.71538,4.25204,1.10508,0.988816,1.49656,0.765243,1.46201,0.49032,0.877944,3.09612,0.577626,0.451508,0.52305,0.54845,0.689115,0.632192,0.677314,0.887122,0.669985,0.81495,0.481908,0.929643,0.767711,0.883229,0.643665,0.36034,0.591901,0.455195
23,0.408831,1.17345,4.64698,2.88907,1.49833,0.36479,0.47511,0.439377,0.283307,0.69841,3.96189,3.16086,0.868855,0.641987,0.442439,0.404041,0.847705,0.42357,1.22529,1.74475,1.92456,0.610155,0.5657,0.317263,1.27643,0.412139,1.06327,1.05923,1.18492,1.00562,0.400053,0.484917,0.307365,0.274865,1.56554,4.2818,1.30555,1.48642,0.941887,1.50622,0.544049,0.350743,0.361426,5.57417,5.71746,1.36539,0.602142,1.02591,0.364864,0.598842,0.414172,3.04561,8.07815,1.47364,1.28814,1.88981,0.709477,0.159548,1.30862,3.02071,4.86001,3.35897,1.2637,1.27476,1.02647,0.497787,3.7601,4.11761,4.82651,4.87309,2.18337,2.2326,1.17298,3.92742,2.47238,2.14276,1.24432,1.84802,0.801741,1.20807,1.24519,1.04041,0.952133,0.465535,0.500922,0.954846,1.6798,1.4676,2.08736,0.586564,0.715571,0.275868,0.226949,2.04169,0.697804,3.8931,0.999232,0.83035,0.175464,0.222716,0.178551,0.634154,0.430752,0.827408
24,0.727619,2.4392,1.66505,1.71694,1.7897,1.13386,1.03205,1.5177,0.783142,1.16668,0.752066,0.545314,1.18048,0.866862,2.46208,1.2499,1.38332,0.578495,0.855786,0.668589,0.922807,2.47268,3.54553,2.76271,0.565202,0.547706,0.376672,0.429152,0.638802,1.58686,1.39003,0.739412,0.807859,0.706493,0.467407,0.854754,1.02177,4.10772,2.37089,0.726294,1.23787,1.02219,1.94459,1.82558,2.66525,4.5815,2.00708,1.02444,0.54207,1.76048,4.09009,3.14453,2.65187,2.73128,1.82605,0.710306,0.474787,0.639825,2.32592,2.96293,4.36546,1.71513,1.26246,0.879106,0.431075,0.535564,1.99402,4.0281,3.4105,1.88624,1.45891,2.50187,0.490638,0.853287,1.94924,3.25635,1.97899,1.79263,1.73592,1.27587,4.9819,1.01703,1.11774,0.651905,0.725739,1.1294,1.24635,0.668622,3.09291,1.74018,1.08619,0.453188,0.500138,0.43217,0.958421,1.98996,0.748796,0.399231,0.332012,0.497718,0.389214,0.551238,0.457569,0.603986
25,0.634766,2.23436,1.72985,3.11631,3.20833,1.27659,1.19147,1.50289,0.567457,0.911634,2.00723,2.84181,1.08663,1.36045,3.13428,1.12663,0.552111,0.427175,1.03044,1.04296,2.77003,1.7101,3.75556,2.74877,0.690299,0.804654,1.23855,0.704209,0.569988,1.70968,1.61543,1.62064,0.324658,0.543484,0.563964,1.37562,0.255511,1.65136,2.30509,1.56359,0.490499,0.671019,0.871738,2.84162,3.86839,3.1912,0.992502,1.02091,0.348002,0.761238,2.29798,3.87654,1.93654,2.06314,1.517,1.88298,0.713467,0.362933,2.14865,1.78411,3.77272,2.07643,3.39861,1.97536,0.883391,0.458141,2.21403,2.52376,5.92106,0.98482,2.21118,3.29123,1.50499,0.280372,0.75724,4.12884,1.43078,1.13754,0.78818,0.45588,8.62273,0.249309,0.381538,0.736488,0.550316,1.55191,1.39847,0.575829,1.82118,0.607315,0.575358,0.263386,0.507454,0.750234,2.88489,4.1281,0.728918,0.552032,0.152215,0.217928,0.426622,1.21522,0.849157,0.992703
26,0.815815,2.2274,3.18533,4.06153,10.3374,2.87547,2.46702,3.59957,0.190502,1.22735,5.61744,2.31012,4.97469,2.55505,1.96092,4.59793,0.487792,1.36511,1.20566,2.03344,3.90435,1.42868,3.02122,1.05113,0.554364,0.282463,0.205209,0.773099,1.28007,1.52514,0.68758,0.910281,0.979517,0.474163,0.423082,0.702931,1.19606,2.02434,1.29003,1.83492,0.590481,0.661147,0.919236,5.09278,4.67021,4.16102,1.49379,1.06624,0.676014,1.50449,1.5889,2.65726,6.64453,1.58563,1.55063,1.99274,0.5075,0.355921,0.837751,2.33663,8.25048,3.88713,3.09201,5.67484,0.466777,0.250872,1.13629,2.26921,6.1912,6.10827,3.37943,3.66545,0.394891,0.496411,0.865283,1.00324,1.4432,1.7446,0.879903,1.20898,1.50285,0.275126,0.873696,0.868905,0.414443,0.622557,2.10208,2.07618,3.97873,0.507603,1.81654,0.560346,0.137006,0.803944,0.518205,1.97533,0.63914,0.252598,0.510107,0.37922,0.274649,0.455493,0.676752,1.355
27,2.18846,6.63125,2.56755,3.12414,1.77749,1.23603,1.36234,1.3997,1.37993,0.669501,1.0447,1.73862,4.67633,7.23976,4.59544,1.74864,1.20877,0.322964,0.235945,1.73541,4.14809,4.98616,4.56665,2.25484,0.469844,0.338146,1.19067,2.05808,2.11925,1.84085,5.21418,3.11676,0.474969,0.133393,0.733888,0.947268,1.22652,1.7322,1.30612,1.18093,1.65314,0.502553,0.542401,0.905335,2.34978,1.86795,1.06661,0.467059,0.964003,0.896116,1.03506,2.76889,3.58149,2.15571,1.07495,0.860918,0.942513,0.45225,1.97639,4.38256,2.96912,1.98206,1.24012,1.11809,0.677874,0.999203,1.08767,2.47615,4.01735,1.8002,2.31388,3.72286,0.497005,0.63095,1.33189,0.920058,1.34727,1.66055,2.48044,0.941735,1.18482,0.850651,1.66453,0.631596,1.01032,0.760859,1.58274,0.927293,1.75899,0.881269,0.954669,0.483881,0.563872,1.0575,1.09993,2.18268,0.907487,0.427843,0.176175,0.565394,0.225514,0.755444,0.587102,1.10769
28,0.601571,1.07241,3.97657,4.76728,3.08712,0.601765,0.934977,1.07495,0.23646,0.498187,3.38385,3.56594,1.20129,0.732274,0.63002,1.25311,0.70125,0.242059,1.35414,2.16059,3.7194,1.13406,1.35709,1.2413,0.523793,0.382181,0.965057,0.70525,1.11803,1.55345,0.933369,0.696155,0.355329,0.394742,0.946968,1.55946,0.879263,2.6609,1.93003,1.55308,0.73476,0.845974,1.28174,3.26957,2.63278,1.62014,0.879851,1.77581,0.307326,0.917112,2.18024,2.93548,2.87679,1.66077,1.55402,0.894237,0.733255,0.424254,1.40761,2.41061,7.34573,3.57444,2.3444,1.28088,0.929172,0.703708,1.11229,2.95906,5.89419,3.67435,2.07906,1.59733,1.13884,1.27651,1.30989,2.2969,1.7848,2.14559,2.02543,0.548049,2.41901,0.592558,1.42037,1.28312,0.856724,0.934076,1.79489,0.837828,2.37949,0.70663,0.734694,0.313615,0.310631,0.613422,0.891798,2.9192,1.19328,0.388878,0.134661,0.34446,0.216565,0.594605,0.723961,0.829347
29,0.631517,1.24206,4.17841,3.95438,3.05087,0.950054,1.00887,1.94156,0.412042,0.437088,2.64094,3.25612,1.14265,0.568432,1.59276,2.05985,0.787859,0.530102,1.48946,2.23454,2.69361,1.33338,2.254,1.8923,0.400685,0.359293,0.578963,1.58258,1.42708,2.50466,1.05822,1.35291,0.283397,0.607455,0.478346,0.859577,1.0717,2.99554,2.42683,1.7335,0.483093,0.441614,1.62328,2.56545,2.4207,3.7815,1.66369,1.46983,0.361813,0.484532,1.37124,1.85289,2.43056,2.39661,1.12853,1.17557,0.441622,0.365456,0.815121,1.62976,3.98717,4.77162,2.16807,1.14379,0.530679,0.395483,1.79669,4.76609,8.98668,3.88972,2.1329,1.13412,0.352524,1.3946,1.08188,2.91897,2.59223,1.71206,3.47791,1.54708,0.808416,0.672725,0.684053,0.707972,0.763732,1.50125,2.53949,1.9674,0.710668,0.405219,0.429745,0.432113,0.257824,1.03419,1.26203,2.83593,0.55883,0.32408,0.32964,0.483839,0.241941,0.753423,0.84823,0.806521
30,0.666982,2.34983,3.34785,3.4858,1.61227,0.523236,0.464587,0.745827,0.652108,1.16178,3.71467,2.26663,1.09507,0.547759,0.759473,0.456744,1.86238,0.611535,1.63102,1.47899,2.00294,0.773486,1.12012,0.646854,1.16033,0.493208,0.732943,0.869772,0.910459,1.24602,0.602101,0.457468,0.353698,0.276811,1.24724,1.50089,1.54236,3.32051,1.51146,1.17949,0.844987,0.485259,1.445,3.76516,3.28721,2.68207,1.23603,0.774213,0.393838,0.746159,1.68783,3.93039,5.75937,2.58781,1.21169,0.988096,0.516027,0.464697,1.70048,4.19601,6.66214,2.88225,0.667221,0.87795,0.829733,0.751097,2.61059,2.59018,4.60253,5.98093,0.770498,1.03431,0.694393,2.92859,1.44375,1.89136,1.33402,2.44107,2.32337,0.823447,1.22037,1.24276,1.91346,0.619213,0.720303,0.782458,1.97304,1.08894,1.3829,1.09296,1.16774,0.578758,0.228602,0.413754,0.48279,2.39245,1.05632,0.518816,0.248369,0.37998,0.239425,0.341649,0.507073,0.993436
31,0.396311,0.830472,1.83591,1.48427,2.59649,1.26665,1.33307,1.45245,0.655921,1.76376,1.25741,2.23115,2.30223,0.741286,1.53762,1.89063,0.526704,1.03777,0.387583,0.966827,2.9781,0.791325,1.52163,2.03396,0.898384,0.666322,0.723522,1.61373,1.10651,1.01171,2.30849,1.49027,0.427765,0.559927,1.48499,1.06097,0.676275,0.91801,1.23321,2.30586,0.350294,0.457767,0.775784,1.26047,4.15163,1.50527,1.83686,1.55076,0.923831,1.35643,0.680509,2.89298,3.20388,2.29253,2.59229,1.49844,0.857824,0.651085,0.776451,1.2437,2.50638,1.6882,2.20275,1.34004,0.561495,0.435887,0.794118,1.29932,9.01908,9.29487,2.85563,1.63396,0.647756,0.599126,0.567561,1.04941,4.13772,8.62587,2.18691,2.03805,0.512962,0.337766,1.29309,0.773125,0.804176,1.04648,1.39176,2.58353,0.774504,0.453464,0.589942,0.981693,0.303216,0.901017,0.8212,1.04585,0.358096,0.585314,0.660344,0.51996,0.330961,0.504815,0.652282,0.927613
32,0.457103,2.50105,3.51347,3.25648,6.87783,1.11318,2.69273,4.55815,0.443105,1.37049,3.61401,2.86729,3.12782,1.59542,3.52076,2.42096,1.14466,0.642224,1.17883,1.85012,4.07044,1.25998,2.56829,2.24606,0.497739,0.416267,0.700626,0.680102,0.619437,2.00592,0.971647,1.20462,0.311196,0.342017,1.11235,1.03036,1.39872,4.18145,3.7945,2.08375,0.44529,0.230799,0.81694,3.4952,7.65075,7.03186,2.01952,0.717827,0.237647,0.562453,0.675447,2.81088,5.95283,3.14853,2.88099,0.864705,0.314104,0.260501,0.956508,3.29781,6.89037,3.347,1.78669,2.72592,0.63785,0.330855,1.7074,2.66906,8.20357,9.62566,1.13127,1.41035,0.78341,0.844936,2.19699,2.65508,2.68417,2.64259,3.26139,0.837947,1.6838,0.557143,2.34335,1.19898,0.638729,0.691545,2.30182,1.53764,3.4461,0.555296,0.963124,0.530844,0.095422,0.268285,0.440057,1.99905,0.988719,0.432891,0.25266,0.59007,0.170797,0.240406,0.481098,1.15092
33,1.80307,3.18417,12.9778,7.73149,9.28732,3.04792,1.99114,2.19524,1.00082,0.921502,5.3191,6.97286,1.77953,1.71825,6.84569,3.22516,2.06473,0.675627,4.4445,2.10725,2.31552,2.73366,3.02096,0.898454,1.2753,0.802402,0.741537,0.810761,1.73181,1.98984,0.559937,0.551576,0.811512,0.644937,0.51979,0.956202,0.929883,1.34519,2.25404,1.55336,1.32991,0.759433,0.64774,1.81466,2.44928,3.88724,1.42785,1.70225,0.387503,0.698677,1.49288,2.67191,2.19591,2.83459,1.4927,5.39626,0.991065,0.277227,1.80309,0.883753,1.51424,4.49002,3.37422,3.20733,1.74565,0.814881,2.25584,1.56352,2.73885,1.24755,4.27818,1.30434,2.71732,1.03488,2.80271,2.30296,1.93451,0.957348,1.19574,0.308447,4.35413,1.19611,0.461307,0.489117,0.873393,2.7735,2.34166,0.479671,1.60992,0.586948,0.457464,0.203204,0.589326,0.735909,0.638517,2.37985,0.992345,0.465892,0.167406,0.427614,0.429489,0.400284,0.603542,0.992552
34,1.55616,3.05526,3.61008,3.34839,5.37452,0.64057,0.741717,1.94715,0.512064,0.894396,2.59722,3.43709,4.12796,0.736909,1.67485,2.88799,1.091,0.418887,1.71689,1.96699,8.21282,2.97707,2.65864,1.98621,0.205105,0.361205,1.58042,0.72684,1.10379,2.62515,1.00276,0.726317,0.371167,0.296828,0.877368,1.77009,0.691717,3.22506,1.25746,0.488623,0.331402,0.318991,1.91365,3.31093,2.41186,4.38034,1.14874,1.05086,0.144723,0.341478,2.58484,4.18665,1.44515,1.68821,0.863289,0.62323,0.371461,0.312492,3.3125,2.76458,7.48183,4.98613,3.37356,1.09564,0.314579,0.515982,2.41344,4.57198,8.16435,3.59208,1.82369,1.53729,0.414603,1.68733,1.37467,1.84001,2.81375,4.26946,2.46892,1.2847,2.1434,0.484186,2.88243,0.742725,0.379971,0.849242,1.48906,1.08314,4.64478,0.744392,1.12375,0.258363,0.209651,0.543948,0.564299,2.30004,1.34936,0.257697,0.130121,0.2789,0.192673,0.315325,0.814014,1.48118
35,1.1849,1.30762,1.68801,0.961276,1.53011,0.330531,0.215806,0.627941,0.937743,1.16472,1.23995,1.31303,1.87394,0.852573,0.393736,0.428038,1.32626,0.948048,1.47178,0.885405,1.9918,1.39823,0.771672,0.375133,0.440427,0.547486,1.70644,0.842118,1.20935,0.807166,0.773962,0.304111,0.340207,0.810928,2.30264,1.25915,1.1839,2.52704,1.12859,0.775161,0.90664,2.71637,2.45725,2.99937,1.4445,2.47383,1.30654,0.691353,0.654825,2.03955,4.24036,3.68075,1.75775,1.41172,1.15565,0.961449,0.54486,1.2767,3.83445,2.78615,4.49871,2.38764,0.650909,2.02879,0.544092,0.723028,1.9657,3.84927,2.97677,1.8704,0.931441,1.68677,0.921785,0.889163,1.79689,2.41587,1.24724,2.26092,1.43202,1.15841,2.0012,0.943701,1.27041,1.06137,1.23402,1.38339,0.580949,0.566364,2.50721,1.23029,1.3532,0.753402,0.610702,0.291232,0.320493,0.697284,0.564328,0.790625,1.11148,0.843676,0.731706,0.217094,0.322314,0.569846
36,1.54724,5.01451,18.4051,7.00392,6.49322,0.374523,0.643365,3.06028,1.66815,7.61562,18.6623,13.0592,1.73475,0.930046,0.712472,1.87247,6.30747,0.755187,1.738,1.81909,4.01602,2.03958,1.10538,1.30998,1.07923,0.505285,0.989174,0.81803,0.505285,1.14846,0.452487,0.965108,0.474126,0.450033,1.32069,1.43635,0.954882,2.13144,0.933542,4.35434,0.469326,0.345926,2.04476,5.83998,3.29568,1.66176,1.27699,0.613771,0.160521,0.196437,0.988692,2.79164,3.05732,1.17478,1.03953,1.51894,1.56785,0.835343,2.49827,2.98057,6.17395,2.44972,2.8325,0.772412,1.55741,1.53141,4.72984,1.93186,3.43727,5.51814,2.14008,0.602114,2.52475,2.62174,1.8801,1.28466,3.24977,3.85628,3.72735,0.695841,2.11334,1.15578,0.787814,1.04344,0.297934,1.00048,1.44925,0.708191,1.80781,0.908643,0.930514,0.42867,0.13807,0.341849,0.43785,1.69187,1.54819,1.04311,0.286936,0.357426,0.208802,0.196961,0.701306,0.741896
37,0.33398,0.457792,1.19415,1.22276,1.46778,0.782777,0.685048,1.33406,0.105766,0.149889,1.15626,1.73945,2.06414,0.59114,1.90395,0.666983,0.106289,0.317292,0.905805,2.29674,5.6033,0.688967,1.04882,0.461191,0.229141,0.285513,1.3077,1.93778,1.03283,1.9587,0.831945,0.632814,0.153031,0.365566,1.34339,1.14501,1.13582,1.4331,2.6569,0.912687,0.255734,0.323337,2.08688,2.95702,2.75599,1.93014,1.20773,1.44746,0.327216,0.938269,1.28778,2.2906,2.45811,1.84986,1.54566,1.82945,0.374168,0.679956,1.40784,1.7833,2.81453,3.59909,1.14933,2.19456,0.770069,0.666071,2.71589,2.40732,7.46128,7.06656,1.69904,3.57474,0.907665,1.06849,0.532107,1.04012,1.42266,2.97581,2.55054,2.76511,0.882069,0.84508,1.79736,0.420164,0.93645,0.693879,1.48151,3.08333,0.729631,0.379159,1.17362,0.642343,0.210144,0.719791,0.596949,2.28616,0.260467,0.302384,0.487068,0.591966,0.250627,0.359274,0.677177,1.1512
38,0.449275,0.922824,1.6789,5.23943,4.70722,1.13372,0.543894,0.621637,0.593583,1.0888,2.51508,3.84205,1.87275,0.777068,1.84927,0.503007,1.78467,0.639874,1.55289,1.56513,2.57805,0.535345,1.79075,0.640476,1.93808,0.799303,0.451151,1.42063,1.13887,1.08399,0.80163,0.453017,0.262365,0.330626,0.660641,1.22102,1.02392,1.51788,1.51451,2.94611,0.799985,0.369583,0.591192,2.18201,3.02675,1.66531,1.44112,2.52927,0.550526,0.566602,1.14491,2.98691,2.80523,3.26705,1.92058,2.98294,1.21275,0.533393,0.936425,1.23902,3.14426,2.66156,1.05591,3.13209,2.09941,0.690447,1.01706,0.800183,3.3873,7.24222,1.55176,2.77371,1.78482,1.42683,0.524915,0.960169,0.971581,3.79512,1.38872,1.17703,1.20601,0.614281,1.29539,0.634407,0.632114,0.921259,3.8814,1.96266,0.585124,0.650851,1.20599,1.10804,0.267145,0.315462,0.471409,3.20806,0.359666,0.468247,0.321861,0.369586,0.425226,0.291622,0.558602,1.67048
base,0.436398,1.06941,2.0731,1.70692,2.39043,0.538901,0.93018,1.29185,0.324203,0.679416,2.08273,1.93086,1.24307,0.7856,0.999393,1.5464,1.32207,0.780175,1.58668,0.940374,1.74191,0.947432,1.29386,1.34697,0.876697,0.555539,0.79974,0.620141,0.799463,1.03021,0.79804,1.03083,0.65494,0.568615,1.04924,1.33275,0.982456,1.94693,1.459,1.73485,0.600643,0.560484,0.848106,2.99964,3.92451,3.11743,1.34124,1.13064,0.594391,0.805769,0.996631,2.73709,4.62324,1.63695,1.25714,1.20053,0.639938,0.509645,1.5285,3.22553,5.4791,2.39275,1.94549,1.84187,0.803312,0.654434,1.4238,4.04873,4.79666,3.38033,1.48288,1.47241,0.98794,1.51577,1.4073,1.90184,1.68383,2.30848,0.988691,0.980236,1.72676,0.751687,1.42225,0.790563,0.571052,1.07503,1.57816,1.14643,2.45716,0.819501,0.829403,0.363491,0.285391,0.777228,0.494773,1.73048,0.937013,0.646179,0.339521,0.377134,0.281124,0.523845,0.530452,0.860211
